sample	runtype	genome_size	species	r1	r2	extra
R182_S1	paired-end	1850000	Streptococcus pyogenes	/workspace/fin/SHL/bacteria/analyses/invasive_group_a_streptococcus/../../basespace_reads/20231208_MN01288_RES41/R182_S1_R1.fastq.gz	/workspace/fin/SHL/bacteria/analyses/invasive_group_a_streptococcus/../../basespace_reads/20231208_MN01288_RES41/R182_S1_R2.fastq.gz	
R183_S2	paired-end	1850000	Streptococcus pyogenes	/workspace/fin/SHL/bacteria/analyses/invasive_group_a_streptococcus/../../basespace_reads/20231208_MN01288_RES41/R183_S2_R1.fastq.gz	/workspace/fin/SHL/bacteria/analyses/invasive_group_a_streptococcus/../../basespace_reads/20231208_MN01288_RES41/R183_S2_R2.fastq.gz	
R184_S3	paired-end	1850000	Streptococcus pyogenes	/workspace/fin/SHL/bacteria/analyses/invasive_group_a_streptococcus/../../basespace_reads/20231208_MN01288_RES41/R184_S3_R1.fastq.gz	/workspace/fin/SHL/bacteria/analyses/invasive_group_a_streptococcus/../../basespace_reads/20231208_MN01288_RES41/R184_S3_R2.fastq.gz	
R185_S4	paired-end	1850000	Streptococcus pyogenes	/workspace/fin/SHL/bacteria/analyses/invasive_group_a_streptococcus/../../basespace_reads/20231208_MN01288_RES41/R185_S4_R1.fastq.gz	/workspace/fin/SHL/bacteria/analyses/invasive_group_a_streptococcus/../../basespace_reads/20231208_MN01288_RES41/R185_S4_R2.fastq.gz	
R186_S5	paired-end	1850000	Streptococcus pyogenes	/workspace/fin/SHL/bacteria/analyses/invasive_group_a_streptococcus/../../basespace_reads/20231208_MN01288_RES41/R186_S5_R1.fastq.gz	/workspace/fin/SHL/bacteria/analyses/invasive_group_a_streptococcus/../../basespace_reads/20231208_MN01288_RES41/R186_S5_R2.fastq.gz	
R187_S6	paired-end	1850000	Streptococcus pyogenes	/workspace/fin/SHL/bacteria/analyses/invasive_group_a_streptococcus/../../basespace_reads/20231208_MN01288_RES41/R187_S6_R1.fastq.gz	/workspace/fin/SHL/bacteria/analyses/invasive_group_a_streptococcus/../../basespace_reads/20231208_MN01288_RES41/R187_S6_R2.fastq.gz	
R188_S7	paired-end	1850000	Streptococcus pyogenes	/workspace/fin/SHL/bacteria/analyses/invasive_group_a_streptococcus/../../basespace_reads/20231208_MN01288_RES41/R188_S7_R1.fastq.gz	/workspace/fin/SHL/bacteria/analyses/invasive_group_a_streptococcus/../../basespace_reads/20231208_MN01288_RES41/R188_S7_R2.fastq.gz	
R190_S8	paired-end	1850000	Streptococcus pyogenes	/workspace/fin/SHL/bacteria/analyses/invasive_group_a_streptococcus/../../basespace_reads/20231208_MN01288_RES41/R190_S8_R1.fastq.gz	/workspace/fin/SHL/bacteria/analyses/invasive_group_a_streptococcus/../../basespace_reads/20231208_MN01288_RES41/R190_S8_R2.fastq.gz	
R191_S9	paired-end	1850000	Streptococcus pyogenes	/workspace/fin/SHL/bacteria/analyses/invasive_group_a_streptococcus/../../basespace_reads/20231208_MN01288_RES41/R191_S9_R1.fastq.gz	/workspace/fin/SHL/bacteria/analyses/invasive_group_a_streptococcus/../../basespace_reads/20231208_MN01288_RES41/R191_S9_R2.fastq.gz	
R193_S10	paired-end	1850000	Streptococcus pyogenes	/workspace/fin/SHL/bacteria/analyses/invasive_group_a_streptococcus/../../basespace_reads/20231208_MN01288_RES41/R193_S10_R1.fastq.gz	/workspace/fin/SHL/bacteria/analyses/invasive_group_a_streptococcus/../../basespace_reads/20231208_MN01288_RES41/R193_S10_R2.fastq.gz	
R194_S11	paired-end	1850000	Streptococcus pyogenes	/workspace/fin/SHL/bacteria/analyses/invasive_group_a_streptococcus/../../basespace_reads/20231208_MN01288_RES41/R194_S11_R1.fastq.gz	/workspace/fin/SHL/bacteria/analyses/invasive_group_a_streptococcus/../../basespace_reads/20231208_MN01288_RES41/R194_S11_R2.fastq.gz	
R195_S12	paired-end	1850000	Streptococcus pyogenes	/workspace/fin/SHL/bacteria/analyses/invasive_group_a_streptococcus/../../basespace_reads/20231208_MN01288_RES41/R195_S12_R1.fastq.gz	/workspace/fin/SHL/bacteria/analyses/invasive_group_a_streptococcus/../../basespace_reads/20231208_MN01288_RES41/R195_S12_R2.fastq.gz	
R196_S13	paired-end	1850000	Streptococcus pyogenes	/workspace/fin/SHL/bacteria/analyses/invasive_group_a_streptococcus/../../basespace_reads/20231208_MN01288_RES41/R196_S13_R1.fastq.gz	/workspace/fin/SHL/bacteria/analyses/invasive_group_a_streptococcus/../../basespace_reads/20231208_MN01288_RES41/R196_S13_R2.fastq.gz	
R197_S14	paired-end	1850000	Streptococcus pyogenes	/workspace/fin/SHL/bacteria/analyses/invasive_group_a_streptococcus/../../basespace_reads/20231208_MN01288_RES41/R197_S14_R1.fastq.gz	/workspace/fin/SHL/bacteria/analyses/invasive_group_a_streptococcus/../../basespace_reads/20231208_MN01288_RES41/R197_S14_R2.fastq.gz	
R198_S15	paired-end	1850000	Streptococcus pyogenes	/workspace/fin/SHL/bacteria/analyses/invasive_group_a_streptococcus/../../basespace_reads/20231208_MN01288_RES41/R198_S15_R1.fastq.gz	/workspace/fin/SHL/bacteria/analyses/invasive_group_a_streptococcus/../../basespace_reads/20231208_MN01288_RES41/R198_S15_R2.fastq.gz	
R199_S16	paired-end	1850000	Streptococcus pyogenes	/workspace/fin/SHL/bacteria/analyses/invasive_group_a_streptococcus/../../basespace_reads/20231208_MN01288_RES41/R199_S16_R1.fastq.gz	/workspace/fin/SHL/bacteria/analyses/invasive_group_a_streptococcus/../../basespace_reads/20231208_MN01288_RES41/R199_S16_R2.fastq.gz	
R201_S17	paired-end	1850000	Streptococcus pyogenes	/workspace/fin/SHL/bacteria/analyses/invasive_group_a_streptococcus/../../basespace_reads/20231208_MN01288_RES41/R201_S17_R1.fastq.gz	/workspace/fin/SHL/bacteria/analyses/invasive_group_a_streptococcus/../../basespace_reads/20231208_MN01288_RES41/R201_S17_R2.fastq.gz	
R206_S18	paired-end	1850000	Streptococcus pyogenes	/workspace/fin/SHL/bacteria/analyses/invasive_group_a_streptococcus/../../basespace_reads/20231208_MN01288_RES41/R206_S18_R1.fastq.gz	/workspace/fin/SHL/bacteria/analyses/invasive_group_a_streptococcus/../../basespace_reads/20231208_MN01288_RES41/R206_S18_R2.fastq.gz	
R207_S19	paired-end	1850000	Streptococcus pyogenes	/workspace/fin/SHL/bacteria/analyses/invasive_group_a_streptococcus/../../basespace_reads/20231208_MN01288_RES41/R207_S19_R1.fastq.gz	/workspace/fin/SHL/bacteria/analyses/invasive_group_a_streptococcus/../../basespace_reads/20231208_MN01288_RES41/R207_S19_R2.fastq.gz	
R208_S20	paired-end	1850000	Streptococcus pyogenes	/workspace/fin/SHL/bacteria/analyses/invasive_group_a_streptococcus/../../basespace_reads/20231208_MN01288_RES41/R208_S20_R1.fastq.gz	/workspace/fin/SHL/bacteria/analyses/invasive_group_a_streptococcus/../../basespace_reads/20231208_MN01288_RES41/R208_S20_R2.fastq.gz	
R210_S21	paired-end	1850000	Streptococcus pyogenes	/workspace/fin/SHL/bacteria/analyses/invasive_group_a_streptococcus/../../basespace_reads/20231208_MN01288_RES41/R210_S21_R1.fastq.gz	/workspace/fin/SHL/bacteria/analyses/invasive_group_a_streptococcus/../../basespace_reads/20231208_MN01288_RES41/R210_S21_R2.fastq.gz	
R211_S22	paired-end	1850000	Streptococcus pyogenes	/workspace/fin/SHL/bacteria/analyses/invasive_group_a_streptococcus/../../basespace_reads/20231208_MN01288_RES41/R211_S22_R1.fastq.gz	/workspace/fin/SHL/bacteria/analyses/invasive_group_a_streptococcus/../../basespace_reads/20231208_MN01288_RES41/R211_S22_R2.fastq.gz	
R41_S10	paired-end	1850000	Streptococcus pyogenes	/workspace/fin/SHL/bacteria/analyses/invasive_group_a_streptococcus/../../basespace_reads/20231023_MN01288_ARO31/R41_S10_R1.fastq.gz	/workspace/fin/SHL/bacteria/analyses/invasive_group_a_streptococcus/../../basespace_reads/20231023_MN01288_ARO31/R41_S10_R2.fastq.gz	
R42_S11	paired-end	1850000	Streptococcus pyogenes	/workspace/fin/SHL/bacteria/analyses/invasive_group_a_streptococcus/../../basespace_reads/20231023_MN01288_ARO31/R42_S11_R1.fastq.gz	/workspace/fin/SHL/bacteria/analyses/invasive_group_a_streptococcus/../../basespace_reads/20231023_MN01288_ARO31/R42_S11_R2.fastq.gz	
R43_S12	paired-end	1850000	Streptococcus pyogenes	/workspace/fin/SHL/bacteria/analyses/invasive_group_a_streptococcus/../../basespace_reads/20231023_MN01288_ARO31/R43_S12_R1.fastq.gz	/workspace/fin/SHL/bacteria/analyses/invasive_group_a_streptococcus/../../basespace_reads/20231023_MN01288_ARO31/R43_S12_R2.fastq.gz	
R44_S13	paired-end	1850000	Streptococcus pyogenes	/workspace/fin/SHL/bacteria/analyses/invasive_group_a_streptococcus/../../basespace_reads/20231023_MN01288_ARO31/R44_S13_R1.fastq.gz	/workspace/fin/SHL/bacteria/analyses/invasive_group_a_streptococcus/../../basespace_reads/20231023_MN01288_ARO31/R44_S13_R2.fastq.gz	
R48_S14	paired-end	1850000	Streptococcus pyogenes	/workspace/fin/SHL/bacteria/analyses/invasive_group_a_streptococcus/../../basespace_reads/20231023_MN01288_ARO31/R48_S14_R1.fastq.gz	/workspace/fin/SHL/bacteria/analyses/invasive_group_a_streptococcus/../../basespace_reads/20231023_MN01288_ARO31/R48_S14_R2.fastq.gz	
R49_S15	paired-end	1850000	Streptococcus pyogenes	/workspace/fin/SHL/bacteria/analyses/invasive_group_a_streptococcus/../../basespace_reads/20231023_MN01288_ARO31/R49_S15_R1.fastq.gz	/workspace/fin/SHL/bacteria/analyses/invasive_group_a_streptococcus/../../basespace_reads/20231023_MN01288_ARO31/R49_S15_R2.fastq.gz	
R51_S16	paired-end	1850000	Streptococcus pyogenes	/workspace/fin/SHL/bacteria/analyses/invasive_group_a_streptococcus/../../basespace_reads/20231023_MN01288_ARO31/R51_S16_R1.fastq.gz	/workspace/fin/SHL/bacteria/analyses/invasive_group_a_streptococcus/../../basespace_reads/20231023_MN01288_ARO31/R51_S16_R2.fastq.gz	
R52_S17	paired-end	1850000	Streptococcus pyogenes	/workspace/fin/SHL/bacteria/analyses/invasive_group_a_streptococcus/../../basespace_reads/20231023_MN01288_ARO31/R52_S17_R1.fastq.gz	/workspace/fin/SHL/bacteria/analyses/invasive_group_a_streptococcus/../../basespace_reads/20231023_MN01288_ARO31/R52_S17_R2.fastq.gz	
R54_S18	paired-end	1850000	Streptococcus pyogenes	/workspace/fin/SHL/bacteria/analyses/invasive_group_a_streptococcus/../../basespace_reads/20231023_MN01288_ARO31/R54_S18_R1.fastq.gz	/workspace/fin/SHL/bacteria/analyses/invasive_group_a_streptococcus/../../basespace_reads/20231023_MN01288_ARO31/R54_S18_R2.fastq.gz	
R58_S19	paired-end	1850000	Streptococcus pyogenes	/workspace/fin/SHL/bacteria/analyses/invasive_group_a_streptococcus/../../basespace_reads/20231023_MN01288_ARO31/R58_S19_R1.fastq.gz	/workspace/fin/SHL/bacteria/analyses/invasive_group_a_streptococcus/../../basespace_reads/20231023_MN01288_ARO31/R58_S19_R2.fastq.gz	
R59_S20	paired-end	1850000	Streptococcus pyogenes	/workspace/fin/SHL/bacteria/analyses/invasive_group_a_streptococcus/../../basespace_reads/20231023_MN01288_ARO31/R59_S20_R1.fastq.gz	/workspace/fin/SHL/bacteria/analyses/invasive_group_a_streptococcus/../../basespace_reads/20231023_MN01288_ARO31/R59_S20_R2.fastq.gz	
R60_S21	paired-end	1850000	Streptococcus pyogenes	/workspace/fin/SHL/bacteria/analyses/invasive_group_a_streptococcus/../../basespace_reads/20231023_MN01288_ARO31/R60_S21_R1.fastq.gz	/workspace/fin/SHL/bacteria/analyses/invasive_group_a_streptococcus/../../basespace_reads/20231023_MN01288_ARO31/R60_S21_R2.fastq.gz	
R61_S22	paired-end	1850000	Streptococcus pyogenes	/workspace/fin/SHL/bacteria/analyses/invasive_group_a_streptococcus/../../basespace_reads/20231023_MN01288_ARO31/R61_S22_R1.fastq.gz	/workspace/fin/SHL/bacteria/analyses/invasive_group_a_streptococcus/../../basespace_reads/20231023_MN01288_ARO31/R61_S22_R2.fastq.gz	
R100_S34	paired-end	1850000	Streptococcus pyogenes	/workspace/fin/SHL/bacteria/analyses/invasive_group_a_streptococcus/../../basespace_reads/20231101_MN01288_ARO34/R100_S34_R1.fastq.gz	/workspace/fin/SHL/bacteria/analyses/invasive_group_a_streptococcus/../../basespace_reads/20231101_MN01288_ARO34/R100_S34_R2.fastq.gz	
R101_S35	paired-end	1850000	Streptococcus pyogenes	/workspace/fin/SHL/bacteria/analyses/invasive_group_a_streptococcus/../../basespace_reads/20231101_MN01288_ARO34/R101_S35_R1.fastq.gz	/workspace/fin/SHL/bacteria/analyses/invasive_group_a_streptococcus/../../basespace_reads/20231101_MN01288_ARO34/R101_S35_R2.fastq.gz	
R102_S36	paired-end	1850000	Streptococcus pyogenes	/workspace/fin/SHL/bacteria/analyses/invasive_group_a_streptococcus/../../basespace_reads/20231101_MN01288_ARO34/R102_S36_R1.fastq.gz	/workspace/fin/SHL/bacteria/analyses/invasive_group_a_streptococcus/../../basespace_reads/20231101_MN01288_ARO34/R102_S36_R2.fastq.gz	
R103_S1	paired-end	1850000	Streptococcus pyogenes	/workspace/fin/SHL/bacteria/analyses/invasive_group_a_streptococcus/../../basespace_reads/20231101_MN01288_ARO34/R103_S1_R1.fastq.gz	/workspace/fin/SHL/bacteria/analyses/invasive_group_a_streptococcus/../../basespace_reads/20231101_MN01288_ARO34/R103_S1_R2.fastq.gz	
R104_S2	paired-end	1850000	Streptococcus pyogenes	/workspace/fin/SHL/bacteria/analyses/invasive_group_a_streptococcus/../../basespace_reads/20231101_MN01288_ARO34/R104_S2_R1.fastq.gz	/workspace/fin/SHL/bacteria/analyses/invasive_group_a_streptococcus/../../basespace_reads/20231101_MN01288_ARO34/R104_S2_R2.fastq.gz	
R105_S3	paired-end	1850000	Streptococcus pyogenes	/workspace/fin/SHL/bacteria/analyses/invasive_group_a_streptococcus/../../basespace_reads/20231101_MN01288_ARO34/R105_S3_R1.fastq.gz	/workspace/fin/SHL/bacteria/analyses/invasive_group_a_streptococcus/../../basespace_reads/20231101_MN01288_ARO34/R105_S3_R2.fastq.gz	
R62_S5	paired-end	1850000	Streptococcus pyogenes	/workspace/fin/SHL/bacteria/analyses/invasive_group_a_streptococcus/../../basespace_reads/20231101_MN01288_ARO34/R62_S5_R1.fastq.gz	/workspace/fin/SHL/bacteria/analyses/invasive_group_a_streptococcus/../../basespace_reads/20231101_MN01288_ARO34/R62_S5_R2.fastq.gz	
R67_S6	paired-end	1850000	Streptococcus pyogenes	/workspace/fin/SHL/bacteria/analyses/invasive_group_a_streptococcus/../../basespace_reads/20231101_MN01288_ARO34/R67_S6_R1.fastq.gz	/workspace/fin/SHL/bacteria/analyses/invasive_group_a_streptococcus/../../basespace_reads/20231101_MN01288_ARO34/R67_S6_R2.fastq.gz	
R68_S7	paired-end	1850000	Streptococcus pyogenes	/workspace/fin/SHL/bacteria/analyses/invasive_group_a_streptococcus/../../basespace_reads/20231101_MN01288_ARO34/R68_S7_R1.fastq.gz	/workspace/fin/SHL/bacteria/analyses/invasive_group_a_streptococcus/../../basespace_reads/20231101_MN01288_ARO34/R68_S7_R2.fastq.gz	
R69_S8	paired-end	1850000	Streptococcus pyogenes	/workspace/fin/SHL/bacteria/analyses/invasive_group_a_streptococcus/../../basespace_reads/20231101_MN01288_ARO34/R69_S8_R1.fastq.gz	/workspace/fin/SHL/bacteria/analyses/invasive_group_a_streptococcus/../../basespace_reads/20231101_MN01288_ARO34/R69_S8_R2.fastq.gz	
R70_S9	paired-end	1850000	Streptococcus pyogenes	/workspace/fin/SHL/bacteria/analyses/invasive_group_a_streptococcus/../../basespace_reads/20231101_MN01288_ARO34/R70_S9_R1.fastq.gz	/workspace/fin/SHL/bacteria/analyses/invasive_group_a_streptococcus/../../basespace_reads/20231101_MN01288_ARO34/R70_S9_R2.fastq.gz	
R72_S10	paired-end	1850000	Streptococcus pyogenes	/workspace/fin/SHL/bacteria/analyses/invasive_group_a_streptococcus/../../basespace_reads/20231101_MN01288_ARO34/R72_S10_R1.fastq.gz	/workspace/fin/SHL/bacteria/analyses/invasive_group_a_streptococcus/../../basespace_reads/20231101_MN01288_ARO34/R72_S10_R2.fastq.gz	
R73_S11	paired-end	1850000	Streptococcus pyogenes	/workspace/fin/SHL/bacteria/analyses/invasive_group_a_streptococcus/../../basespace_reads/20231101_MN01288_ARO34/R73_S11_R1.fastq.gz	/workspace/fin/SHL/bacteria/analyses/invasive_group_a_streptococcus/../../basespace_reads/20231101_MN01288_ARO34/R73_S11_R2.fastq.gz	
R76_S13	paired-end	1850000	Streptococcus pyogenes	/workspace/fin/SHL/bacteria/analyses/invasive_group_a_streptococcus/../../basespace_reads/20231101_MN01288_ARO34/R76_S13_R1.fastq.gz	/workspace/fin/SHL/bacteria/analyses/invasive_group_a_streptococcus/../../basespace_reads/20231101_MN01288_ARO34/R76_S13_R2.fastq.gz	
R77_S14	paired-end	1850000	Streptococcus pyogenes	/workspace/fin/SHL/bacteria/analyses/invasive_group_a_streptococcus/../../basespace_reads/20231101_MN01288_ARO34/R77_S14_R1.fastq.gz	/workspace/fin/SHL/bacteria/analyses/invasive_group_a_streptococcus/../../basespace_reads/20231101_MN01288_ARO34/R77_S14_R2.fastq.gz	
R78_S15	paired-end	1850000	Streptococcus pyogenes	/workspace/fin/SHL/bacteria/analyses/invasive_group_a_streptococcus/../../basespace_reads/20231101_MN01288_ARO34/R78_S15_R1.fastq.gz	/workspace/fin/SHL/bacteria/analyses/invasive_group_a_streptococcus/../../basespace_reads/20231101_MN01288_ARO34/R78_S15_R2.fastq.gz	
R79_S16	paired-end	1850000	Streptococcus pyogenes	/workspace/fin/SHL/bacteria/analyses/invasive_group_a_streptococcus/../../basespace_reads/20231101_MN01288_ARO34/R79_S16_R1.fastq.gz	/workspace/fin/SHL/bacteria/analyses/invasive_group_a_streptococcus/../../basespace_reads/20231101_MN01288_ARO34/R79_S16_R2.fastq.gz	
R80_S17	paired-end	1850000	Streptococcus pyogenes	/workspace/fin/SHL/bacteria/analyses/invasive_group_a_streptococcus/../../basespace_reads/20231101_MN01288_ARO34/R80_S17_R1.fastq.gz	/workspace/fin/SHL/bacteria/analyses/invasive_group_a_streptococcus/../../basespace_reads/20231101_MN01288_ARO34/R80_S17_R2.fastq.gz	
R81_S18	paired-end	1850000	Streptococcus pyogenes	/workspace/fin/SHL/bacteria/analyses/invasive_group_a_streptococcus/../../basespace_reads/20231101_MN01288_ARO34/R81_S18_R1.fastq.gz	/workspace/fin/SHL/bacteria/analyses/invasive_group_a_streptococcus/../../basespace_reads/20231101_MN01288_ARO34/R81_S18_R2.fastq.gz	
R82_S19	paired-end	1850000	Streptococcus pyogenes	/workspace/fin/SHL/bacteria/analyses/invasive_group_a_streptococcus/../../basespace_reads/20231101_MN01288_ARO34/R82_S19_R1.fastq.gz	/workspace/fin/SHL/bacteria/analyses/invasive_group_a_streptococcus/../../basespace_reads/20231101_MN01288_ARO34/R82_S19_R2.fastq.gz	
R84_S20	paired-end	1850000	Streptococcus pyogenes	/workspace/fin/SHL/bacteria/analyses/invasive_group_a_streptococcus/../../basespace_reads/20231101_MN01288_ARO34/R84_S20_R1.fastq.gz	/workspace/fin/SHL/bacteria/analyses/invasive_group_a_streptococcus/../../basespace_reads/20231101_MN01288_ARO34/R84_S20_R2.fastq.gz	
R85_S21	paired-end	1850000	Streptococcus pyogenes	/workspace/fin/SHL/bacteria/analyses/invasive_group_a_streptococcus/../../basespace_reads/20231101_MN01288_ARO34/R85_S21_R1.fastq.gz	/workspace/fin/SHL/bacteria/analyses/invasive_group_a_streptococcus/../../basespace_reads/20231101_MN01288_ARO34/R85_S21_R2.fastq.gz	
R86_S22	paired-end	1850000	Streptococcus pyogenes	/workspace/fin/SHL/bacteria/analyses/invasive_group_a_streptococcus/../../basespace_reads/20231101_MN01288_ARO34/R86_S22_R1.fastq.gz	/workspace/fin/SHL/bacteria/analyses/invasive_group_a_streptococcus/../../basespace_reads/20231101_MN01288_ARO34/R86_S22_R2.fastq.gz	
R87_S23	paired-end	1850000	Streptococcus pyogenes	/workspace/fin/SHL/bacteria/analyses/invasive_group_a_streptococcus/../../basespace_reads/20231101_MN01288_ARO34/R87_S23_R1.fastq.gz	/workspace/fin/SHL/bacteria/analyses/invasive_group_a_streptococcus/../../basespace_reads/20231101_MN01288_ARO34/R87_S23_R2.fastq.gz	
R88_S24	paired-end	1850000	Streptococcus pyogenes	/workspace/fin/SHL/bacteria/analyses/invasive_group_a_streptococcus/../../basespace_reads/20231101_MN01288_ARO34/R88_S24_R1.fastq.gz	/workspace/fin/SHL/bacteria/analyses/invasive_group_a_streptococcus/../../basespace_reads/20231101_MN01288_ARO34/R88_S24_R2.fastq.gz	
R90_S25	paired-end	1850000	Streptococcus pyogenes	/workspace/fin/SHL/bacteria/analyses/invasive_group_a_streptococcus/../../basespace_reads/20231101_MN01288_ARO34/R90_S25_R1.fastq.gz	/workspace/fin/SHL/bacteria/analyses/invasive_group_a_streptococcus/../../basespace_reads/20231101_MN01288_ARO34/R90_S25_R2.fastq.gz	
R91_S26	paired-end	1850000	Streptococcus pyogenes	/workspace/fin/SHL/bacteria/analyses/invasive_group_a_streptococcus/../../basespace_reads/20231101_MN01288_ARO34/R91_S26_R1.fastq.gz	/workspace/fin/SHL/bacteria/analyses/invasive_group_a_streptococcus/../../basespace_reads/20231101_MN01288_ARO34/R91_S26_R2.fastq.gz	
R92_S27	paired-end	1850000	Streptococcus pyogenes	/workspace/fin/SHL/bacteria/analyses/invasive_group_a_streptococcus/../../basespace_reads/20231101_MN01288_ARO34/R92_S27_R1.fastq.gz	/workspace/fin/SHL/bacteria/analyses/invasive_group_a_streptococcus/../../basespace_reads/20231101_MN01288_ARO34/R92_S27_R2.fastq.gz	
R93_S29	paired-end	1850000	Streptococcus pyogenes	/workspace/fin/SHL/bacteria/analyses/invasive_group_a_streptococcus/../../basespace_reads/20231101_MN01288_ARO34/R93_S29_R1.fastq.gz	/workspace/fin/SHL/bacteria/analyses/invasive_group_a_streptococcus/../../basespace_reads/20231101_MN01288_ARO34/R93_S29_R2.fastq.gz	
R94_S30	paired-end	1850000	Streptococcus pyogenes	/workspace/fin/SHL/bacteria/analyses/invasive_group_a_streptococcus/../../basespace_reads/20231101_MN01288_ARO34/R94_S30_R1.fastq.gz	/workspace/fin/SHL/bacteria/analyses/invasive_group_a_streptococcus/../../basespace_reads/20231101_MN01288_ARO34/R94_S30_R2.fastq.gz	
R95_S31	paired-end	1850000	Streptococcus pyogenes	/workspace/fin/SHL/bacteria/analyses/invasive_group_a_streptococcus/../../basespace_reads/20231101_MN01288_ARO34/R95_S31_R1.fastq.gz	/workspace/fin/SHL/bacteria/analyses/invasive_group_a_streptococcus/../../basespace_reads/20231101_MN01288_ARO34/R95_S31_R2.fastq.gz	
R96_S32	paired-end	1850000	Streptococcus pyogenes	/workspace/fin/SHL/bacteria/analyses/invasive_group_a_streptococcus/../../basespace_reads/20231101_MN01288_ARO34/R96_S32_R1.fastq.gz	/workspace/fin/SHL/bacteria/analyses/invasive_group_a_streptococcus/../../basespace_reads/20231101_MN01288_ARO34/R96_S32_R2.fastq.gz	
R98_S33	paired-end	1850000	Streptococcus pyogenes	/workspace/fin/SHL/bacteria/analyses/invasive_group_a_streptococcus/../../basespace_reads/20231101_MN01288_ARO34/R98_S33_R1.fastq.gz	/workspace/fin/SHL/bacteria/analyses/invasive_group_a_streptococcus/../../basespace_reads/20231101_MN01288_ARO34/R98_S33_R2.fastq.gz	
R151_S1	paired-end	1850000	Streptococcus pyogenes	/workspace/fin/SHL/bacteria/analyses/invasive_group_a_streptococcus/../../basespace_reads/20231125_MN01288_ARO37_CK/R151_S1_R1.fastq.gz	/workspace/fin/SHL/bacteria/analyses/invasive_group_a_streptococcus/../../basespace_reads/20231125_MN01288_ARO37_CK/R151_S1_R2.fastq.gz	
R152_S2	paired-end	1850000	Streptococcus pyogenes	/workspace/fin/SHL/bacteria/analyses/invasive_group_a_streptococcus/../../basespace_reads/20231125_MN01288_ARO37_CK/R152_S2_R1.fastq.gz	/workspace/fin/SHL/bacteria/analyses/invasive_group_a_streptococcus/../../basespace_reads/20231125_MN01288_ARO37_CK/R152_S2_R2.fastq.gz	
R153_S3	paired-end	1850000	Streptococcus pyogenes	/workspace/fin/SHL/bacteria/analyses/invasive_group_a_streptococcus/../../basespace_reads/20231125_MN01288_ARO37_CK/R153_S3_R1.fastq.gz	/workspace/fin/SHL/bacteria/analyses/invasive_group_a_streptococcus/../../basespace_reads/20231125_MN01288_ARO37_CK/R153_S3_R2.fastq.gz	
R154_S4	paired-end	1850000	Streptococcus pyogenes	/workspace/fin/SHL/bacteria/analyses/invasive_group_a_streptococcus/../../basespace_reads/20231125_MN01288_ARO37_CK/R154_S4_R1.fastq.gz	/workspace/fin/SHL/bacteria/analyses/invasive_group_a_streptococcus/../../basespace_reads/20231125_MN01288_ARO37_CK/R154_S4_R2.fastq.gz	
R155_S5	paired-end	1850000	Streptococcus pyogenes	/workspace/fin/SHL/bacteria/analyses/invasive_group_a_streptococcus/../../basespace_reads/20231125_MN01288_ARO37_CK/R155_S5_R1.fastq.gz	/workspace/fin/SHL/bacteria/analyses/invasive_group_a_streptococcus/../../basespace_reads/20231125_MN01288_ARO37_CK/R155_S5_R2.fastq.gz	
R156_S6	paired-end	1850000	Streptococcus pyogenes	/workspace/fin/SHL/bacteria/analyses/invasive_group_a_streptococcus/../../basespace_reads/20231125_MN01288_ARO37_CK/R156_S6_R1.fastq.gz	/workspace/fin/SHL/bacteria/analyses/invasive_group_a_streptococcus/../../basespace_reads/20231125_MN01288_ARO37_CK/R156_S6_R2.fastq.gz	
R157_S7	paired-end	1850000	Streptococcus pyogenes	/workspace/fin/SHL/bacteria/analyses/invasive_group_a_streptococcus/../../basespace_reads/20231125_MN01288_ARO37_CK/R157_S7_R1.fastq.gz	/workspace/fin/SHL/bacteria/analyses/invasive_group_a_streptococcus/../../basespace_reads/20231125_MN01288_ARO37_CK/R157_S7_R2.fastq.gz	
R158_S8	paired-end	1850000	Streptococcus pyogenes	/workspace/fin/SHL/bacteria/analyses/invasive_group_a_streptococcus/../../basespace_reads/20231125_MN01288_ARO37_CK/R158_S8_R1.fastq.gz	/workspace/fin/SHL/bacteria/analyses/invasive_group_a_streptococcus/../../basespace_reads/20231125_MN01288_ARO37_CK/R158_S8_R2.fastq.gz	
R160_S9	paired-end	1850000	Streptococcus pyogenes	/workspace/fin/SHL/bacteria/analyses/invasive_group_a_streptococcus/../../basespace_reads/20231125_MN01288_ARO37_CK/R160_S9_R1.fastq.gz	/workspace/fin/SHL/bacteria/analyses/invasive_group_a_streptococcus/../../basespace_reads/20231125_MN01288_ARO37_CK/R160_S9_R2.fastq.gz	
R161_S10	paired-end	1850000	Streptococcus pyogenes	/workspace/fin/SHL/bacteria/analyses/invasive_group_a_streptococcus/../../basespace_reads/20231125_MN01288_ARO37_CK/R161_S10_R1.fastq.gz	/workspace/fin/SHL/bacteria/analyses/invasive_group_a_streptococcus/../../basespace_reads/20231125_MN01288_ARO37_CK/R161_S10_R2.fastq.gz	
R162_S11	paired-end	1850000	Streptococcus pyogenes	/workspace/fin/SHL/bacteria/analyses/invasive_group_a_streptococcus/../../basespace_reads/20231125_MN01288_ARO37_CK/R162_S11_R1.fastq.gz	/workspace/fin/SHL/bacteria/analyses/invasive_group_a_streptococcus/../../basespace_reads/20231125_MN01288_ARO37_CK/R162_S11_R2.fastq.gz	
R163_S12	paired-end	1850000	Streptococcus pyogenes	/workspace/fin/SHL/bacteria/analyses/invasive_group_a_streptococcus/../../basespace_reads/20231125_MN01288_ARO37_CK/R163_S12_R1.fastq.gz	/workspace/fin/SHL/bacteria/analyses/invasive_group_a_streptococcus/../../basespace_reads/20231125_MN01288_ARO37_CK/R163_S12_R2.fastq.gz	
R164_S13	paired-end	1850000	Streptococcus pyogenes	/workspace/fin/SHL/bacteria/analyses/invasive_group_a_streptococcus/../../basespace_reads/20231125_MN01288_ARO37_CK/R164_S13_R1.fastq.gz	/workspace/fin/SHL/bacteria/analyses/invasive_group_a_streptococcus/../../basespace_reads/20231125_MN01288_ARO37_CK/R164_S13_R2.fastq.gz	
R165_S14	paired-end	1850000	Streptococcus pyogenes	/workspace/fin/SHL/bacteria/analyses/invasive_group_a_streptococcus/../../basespace_reads/20231125_MN01288_ARO37_CK/R165_S14_R1.fastq.gz	/workspace/fin/SHL/bacteria/analyses/invasive_group_a_streptococcus/../../basespace_reads/20231125_MN01288_ARO37_CK/R165_S14_R2.fastq.gz	
R166_S15	paired-end	1850000	Streptococcus pyogenes	/workspace/fin/SHL/bacteria/analyses/invasive_group_a_streptococcus/../../basespace_reads/20231125_MN01288_ARO37_CK/R166_S15_R1.fastq.gz	/workspace/fin/SHL/bacteria/analyses/invasive_group_a_streptococcus/../../basespace_reads/20231125_MN01288_ARO37_CK/R166_S15_R2.fastq.gz	
R167_S16	paired-end	1850000	Streptococcus pyogenes	/workspace/fin/SHL/bacteria/analyses/invasive_group_a_streptococcus/../../basespace_reads/20231125_MN01288_ARO37_CK/R167_S16_R1.fastq.gz	/workspace/fin/SHL/bacteria/analyses/invasive_group_a_streptococcus/../../basespace_reads/20231125_MN01288_ARO37_CK/R167_S16_R2.fastq.gz	
R168_S17	paired-end	1850000	Streptococcus pyogenes	/workspace/fin/SHL/bacteria/analyses/invasive_group_a_streptococcus/../../basespace_reads/20231125_MN01288_ARO37_CK/R168_S17_R1.fastq.gz	/workspace/fin/SHL/bacteria/analyses/invasive_group_a_streptococcus/../../basespace_reads/20231125_MN01288_ARO37_CK/R168_S17_R2.fastq.gz	
R169_S18	paired-end	1850000	Streptococcus pyogenes	/workspace/fin/SHL/bacteria/analyses/invasive_group_a_streptococcus/../../basespace_reads/20231125_MN01288_ARO37_CK/R169_S18_R1.fastq.gz	/workspace/fin/SHL/bacteria/analyses/invasive_group_a_streptococcus/../../basespace_reads/20231125_MN01288_ARO37_CK/R169_S18_R2.fastq.gz	
R174_S19	paired-end	1850000	Streptococcus pyogenes	/workspace/fin/SHL/bacteria/analyses/invasive_group_a_streptococcus/../../basespace_reads/20231125_MN01288_ARO37_CK/R174_S19_R1.fastq.gz	/workspace/fin/SHL/bacteria/analyses/invasive_group_a_streptococcus/../../basespace_reads/20231125_MN01288_ARO37_CK/R174_S19_R2.fastq.gz	
R176_S20	paired-end	1850000	Streptococcus pyogenes	/workspace/fin/SHL/bacteria/analyses/invasive_group_a_streptococcus/../../basespace_reads/20231125_MN01288_ARO37_CK/R176_S20_R1.fastq.gz	/workspace/fin/SHL/bacteria/analyses/invasive_group_a_streptococcus/../../basespace_reads/20231125_MN01288_ARO37_CK/R176_S20_R2.fastq.gz	
R177_S21	paired-end	1850000	Streptococcus pyogenes	/workspace/fin/SHL/bacteria/analyses/invasive_group_a_streptococcus/../../basespace_reads/20231125_MN01288_ARO37_CK/R177_S21_R1.fastq.gz	/workspace/fin/SHL/bacteria/analyses/invasive_group_a_streptococcus/../../basespace_reads/20231125_MN01288_ARO37_CK/R177_S21_R2.fastq.gz	
R178_S22	paired-end	1850000	Streptococcus pyogenes	/workspace/fin/SHL/bacteria/analyses/invasive_group_a_streptococcus/../../basespace_reads/20231125_MN01288_ARO37_CK/R178_S22_R1.fastq.gz	/workspace/fin/SHL/bacteria/analyses/invasive_group_a_streptococcus/../../basespace_reads/20231125_MN01288_ARO37_CK/R178_S22_R2.fastq.gz	
R179_S23	paired-end	1850000	Streptococcus pyogenes	/workspace/fin/SHL/bacteria/analyses/invasive_group_a_streptococcus/../../basespace_reads/20231125_MN01288_ARO37_CK/R179_S23_R1.fastq.gz	/workspace/fin/SHL/bacteria/analyses/invasive_group_a_streptococcus/../../basespace_reads/20231125_MN01288_ARO37_CK/R179_S23_R2.fastq.gz	
R180_S24	paired-end	1850000	Streptococcus pyogenes	/workspace/fin/SHL/bacteria/analyses/invasive_group_a_streptococcus/../../basespace_reads/20231125_MN01288_ARO37_CK/R180_S24_R1.fastq.gz	/workspace/fin/SHL/bacteria/analyses/invasive_group_a_streptococcus/../../basespace_reads/20231125_MN01288_ARO37_CK/R180_S24_R2.fastq.gz	
R181_S25	paired-end	1850000	Streptococcus pyogenes	/workspace/fin/SHL/bacteria/analyses/invasive_group_a_streptococcus/../../basespace_reads/20231125_MN01288_ARO37_CK/R181_S25_R1.fastq.gz	/workspace/fin/SHL/bacteria/analyses/invasive_group_a_streptococcus/../../basespace_reads/20231125_MN01288_ARO37_CK/R181_S25_R2.fastq.gz	
R204_S26	paired-end	1850000	Streptococcus pyogenes	/workspace/fin/SHL/bacteria/analyses/invasive_group_a_streptococcus/../../basespace_reads/20231125_MN01288_ARO37_CK/R204_S26_R1.fastq.gz	/workspace/fin/SHL/bacteria/analyses/invasive_group_a_streptococcus/../../basespace_reads/20231125_MN01288_ARO37_CK/R204_S26_R2.fastq.gz	
R205_S27	paired-end	1850000	Streptococcus pyogenes	/workspace/fin/SHL/bacteria/analyses/invasive_group_a_streptococcus/../../basespace_reads/20231125_MN01288_ARO37_CK/R205_S27_R1.fastq.gz	/workspace/fin/SHL/bacteria/analyses/invasive_group_a_streptococcus/../../basespace_reads/20231125_MN01288_ARO37_CK/R205_S27_R2.fastq.gz	
R213_S28	paired-end	1850000	Streptococcus pyogenes	/workspace/fin/SHL/bacteria/analyses/invasive_group_a_streptococcus/../../basespace_reads/20231125_MN01288_ARO37_CK/R213_S28_R1.fastq.gz	/workspace/fin/SHL/bacteria/analyses/invasive_group_a_streptococcus/../../basespace_reads/20231125_MN01288_ARO37_CK/R213_S28_R2.fastq.gz	
R214_S29	paired-end	1850000	Streptococcus pyogenes	/workspace/fin/SHL/bacteria/analyses/invasive_group_a_streptococcus/../../basespace_reads/20231125_MN01288_ARO37_CK/R214_S29_R1.fastq.gz	/workspace/fin/SHL/bacteria/analyses/invasive_group_a_streptococcus/../../basespace_reads/20231125_MN01288_ARO37_CK/R214_S29_R2.fastq.gz	
R215_S30	paired-end	1850000	Streptococcus pyogenes	/workspace/fin/SHL/bacteria/analyses/invasive_group_a_streptococcus/../../basespace_reads/20231125_MN01288_ARO37_CK/R215_S30_R1.fastq.gz	/workspace/fin/SHL/bacteria/analyses/invasive_group_a_streptococcus/../../basespace_reads/20231125_MN01288_ARO37_CK/R215_S30_R2.fastq.gz	
R216_S31	paired-end	1850000	Streptococcus pyogenes	/workspace/fin/SHL/bacteria/analyses/invasive_group_a_streptococcus/../../basespace_reads/20231125_MN01288_ARO37_CK/R216_S31_R1.fastq.gz	/workspace/fin/SHL/bacteria/analyses/invasive_group_a_streptococcus/../../basespace_reads/20231125_MN01288_ARO37_CK/R216_S31_R2.fastq.gz	
R217_S32	paired-end	1850000	Streptococcus pyogenes	/workspace/fin/SHL/bacteria/analyses/invasive_group_a_streptococcus/../../basespace_reads/20231125_MN01288_ARO37_CK/R217_S32_R1.fastq.gz	/workspace/fin/SHL/bacteria/analyses/invasive_group_a_streptococcus/../../basespace_reads/20231125_MN01288_ARO37_CK/R217_S32_R2.fastq.gz	
R220_S33	paired-end	1850000	Streptococcus pyogenes	/workspace/fin/SHL/bacteria/analyses/invasive_group_a_streptococcus/../../basespace_reads/20231125_MN01288_ARO37_CK/R220_S33_R1.fastq.gz	/workspace/fin/SHL/bacteria/analyses/invasive_group_a_streptococcus/../../basespace_reads/20231125_MN01288_ARO37_CK/R220_S33_R2.fastq.gz	
R221_S34	paired-end	1850000	Streptococcus pyogenes	/workspace/fin/SHL/bacteria/analyses/invasive_group_a_streptococcus/../../basespace_reads/20231125_MN01288_ARO37_CK/R221_S34_R1.fastq.gz	/workspace/fin/SHL/bacteria/analyses/invasive_group_a_streptococcus/../../basespace_reads/20231125_MN01288_ARO37_CK/R221_S34_R2.fastq.gz	
R224_S35	paired-end	1850000	Streptococcus pyogenes	/workspace/fin/SHL/bacteria/analyses/invasive_group_a_streptococcus/../../basespace_reads/20231125_MN01288_ARO37_CK/R224_S35_R1.fastq.gz	/workspace/fin/SHL/bacteria/analyses/invasive_group_a_streptococcus/../../basespace_reads/20231125_MN01288_ARO37_CK/R224_S35_R2.fastq.gz	
R226_S36	paired-end	1850000	Streptococcus pyogenes	/workspace/fin/SHL/bacteria/analyses/invasive_group_a_streptococcus/../../basespace_reads/20231125_MN01288_ARO37_CK/R226_S36_R1.fastq.gz	/workspace/fin/SHL/bacteria/analyses/invasive_group_a_streptococcus/../../basespace_reads/20231125_MN01288_ARO37_CK/R226_S36_R2.fastq.gz	
R228_S37	paired-end	1850000	Streptococcus pyogenes	/workspace/fin/SHL/bacteria/analyses/invasive_group_a_streptococcus/../../basespace_reads/20231125_MN01288_ARO37_CK/R228_S37_R1.fastq.gz	/workspace/fin/SHL/bacteria/analyses/invasive_group_a_streptococcus/../../basespace_reads/20231125_MN01288_ARO37_CK/R228_S37_R2.fastq.gz	
R189_S1	paired-end	1850000	Streptococcus pyogenes	/workspace/fin/SHL/bacteria/analyses/invasive_group_a_streptococcus/../../basespace_reads/20231122_MN1288_GAS_EXP/R189_S1_R1.fastq.gz	/workspace/fin/SHL/bacteria/analyses/invasive_group_a_streptococcus/../../basespace_reads/20231122_MN1288_GAS_EXP/R189_S1_R2.fastq.gz	
R192_S2	paired-end	1850000	Streptococcus pyogenes	/workspace/fin/SHL/bacteria/analyses/invasive_group_a_streptococcus/../../basespace_reads/20231122_MN1288_GAS_EXP/R192_S2_R1.fastq.gz	/workspace/fin/SHL/bacteria/analyses/invasive_group_a_streptococcus/../../basespace_reads/20231122_MN1288_GAS_EXP/R192_S2_R2.fastq.gz	
R202_S3	paired-end	1850000	Streptococcus pyogenes	/workspace/fin/SHL/bacteria/analyses/invasive_group_a_streptococcus/../../basespace_reads/20231122_MN1288_GAS_EXP/R202_S3_R1.fastq.gz	/workspace/fin/SHL/bacteria/analyses/invasive_group_a_streptococcus/../../basespace_reads/20231122_MN1288_GAS_EXP/R202_S3_R2.fastq.gz	
R203_S4	paired-end	1850000	Streptococcus pyogenes	/workspace/fin/SHL/bacteria/analyses/invasive_group_a_streptococcus/../../basespace_reads/20231122_MN1288_GAS_EXP/R203_S4_R1.fastq.gz	/workspace/fin/SHL/bacteria/analyses/invasive_group_a_streptococcus/../../basespace_reads/20231122_MN1288_GAS_EXP/R203_S4_R2.fastq.gz	
R209_S5	paired-end	1850000	Streptococcus pyogenes	/workspace/fin/SHL/bacteria/analyses/invasive_group_a_streptococcus/../../basespace_reads/20231122_MN1288_GAS_EXP/R209_S5_R1.fastq.gz	/workspace/fin/SHL/bacteria/analyses/invasive_group_a_streptococcus/../../basespace_reads/20231122_MN1288_GAS_EXP/R209_S5_R2.fastq.gz	
R212_S6	paired-end	1850000	Streptococcus pyogenes	/workspace/fin/SHL/bacteria/analyses/invasive_group_a_streptococcus/../../basespace_reads/20231122_MN1288_GAS_EXP/R212_S6_R1.fastq.gz	/workspace/fin/SHL/bacteria/analyses/invasive_group_a_streptococcus/../../basespace_reads/20231122_MN1288_GAS_EXP/R212_S6_R2.fastq.gz	
R219_S7	paired-end	1850000	Streptococcus pyogenes	/workspace/fin/SHL/bacteria/analyses/invasive_group_a_streptococcus/../../basespace_reads/20231122_MN1288_GAS_EXP/R219_S7_R1.fastq.gz	/workspace/fin/SHL/bacteria/analyses/invasive_group_a_streptococcus/../../basespace_reads/20231122_MN1288_GAS_EXP/R219_S7_R2.fastq.gz	
R222_S8	paired-end	1850000	Streptococcus pyogenes	/workspace/fin/SHL/bacteria/analyses/invasive_group_a_streptococcus/../../basespace_reads/20231122_MN1288_GAS_EXP/R222_S8_R1.fastq.gz	/workspace/fin/SHL/bacteria/analyses/invasive_group_a_streptococcus/../../basespace_reads/20231122_MN1288_GAS_EXP/R222_S8_R2.fastq.gz	
R223_S9	paired-end	1850000	Streptococcus pyogenes	/workspace/fin/SHL/bacteria/analyses/invasive_group_a_streptococcus/../../basespace_reads/20231122_MN1288_GAS_EXP/R223_S9_R1.fastq.gz	/workspace/fin/SHL/bacteria/analyses/invasive_group_a_streptococcus/../../basespace_reads/20231122_MN1288_GAS_EXP/R223_S9_R2.fastq.gz	
R225_S10	paired-end	1850000	Streptococcus pyogenes	/workspace/fin/SHL/bacteria/analyses/invasive_group_a_streptococcus/../../basespace_reads/20231122_MN1288_GAS_EXP/R225_S10_R1.fastq.gz	/workspace/fin/SHL/bacteria/analyses/invasive_group_a_streptococcus/../../basespace_reads/20231122_MN1288_GAS_EXP/R225_S10_R2.fastq.gz	
R227_S11	paired-end	1850000	Streptococcus pyogenes	/workspace/fin/SHL/bacteria/analyses/invasive_group_a_streptococcus/../../basespace_reads/20231122_MN1288_GAS_EXP/R227_S11_R1.fastq.gz	/workspace/fin/SHL/bacteria/analyses/invasive_group_a_streptococcus/../../basespace_reads/20231122_MN1288_GAS_EXP/R227_S11_R2.fastq.gz	
R229_S12	paired-end	1850000	Streptococcus pyogenes	/workspace/fin/SHL/bacteria/analyses/invasive_group_a_streptococcus/../../basespace_reads/20231122_MN1288_GAS_EXP/R229_S12_R1.fastq.gz	/workspace/fin/SHL/bacteria/analyses/invasive_group_a_streptococcus/../../basespace_reads/20231122_MN1288_GAS_EXP/R229_S12_R2.fastq.gz	
23SB_106M0036_S15	paired-end	1850000	Streptococcus pyogenes	/workspace/fin/SHL/bacteria/bactopia/../basespace_reads/20240112_MN01513_RES45/23SB-106M0036_S15_L001_R1.fastq.gz	/workspace/fin/SHL/bacteria/bactopia/../basespace_reads/20240112_MN01513_RES45/23SB-106M0036_S15_L001_R2.fastq.gz	
23SB_143M0036_S5	paired-end	1850000	Streptococcus pyogenes	/workspace/fin/SHL/bacteria/bactopia/../basespace_reads/20240112_MN01513_RES45/23SB-143M0036_S5_L001_R1.fastq.gz	/workspace/fin/SHL/bacteria/bactopia/../basespace_reads/20240112_MN01513_RES45/23SB-143M0036_S5_L001_R2.fastq.gz	
23SC_083M0072_S18	paired-end	1850000	Streptococcus pyogenes	/workspace/fin/SHL/bacteria/bactopia/../basespace_reads/20240112_MN01513_RES45/23SC-083M0072_S18_L001_R1.fastq.gz	/workspace/fin/SHL/bacteria/bactopia/../basespace_reads/20240112_MN01513_RES45/23SC-083M0072_S18_L001_R2.fastq.gz	
23SC_088M0045_S21	paired-end	1850000	Streptococcus pyogenes	/workspace/fin/SHL/bacteria/bactopia/../basespace_reads/20240112_MN01513_RES45/23SC-088M0045_S21_L001_R1.fastq.gz	/workspace/fin/SHL/bacteria/bactopia/../basespace_reads/20240112_MN01513_RES45/23SC-088M0045_S21_L001_R2.fastq.gz	
23SC_121M0012_S12	paired-end	1850000	Streptococcus pyogenes	/workspace/fin/SHL/bacteria/bactopia/../basespace_reads/20240112_MN01513_RES45/23SC-121M0012_S12_L001_R1.fastq.gz	/workspace/fin/SHL/bacteria/bactopia/../basespace_reads/20240112_MN01513_RES45/23SC-121M0012_S12_L001_R2.fastq.gz	
23SC_140M0057_S6	paired-end	1850000	Streptococcus pyogenes	/workspace/fin/SHL/bacteria/bactopia/../basespace_reads/20240112_MN01513_RES45/23SC-140M0057_S6_L001_R1.fastq.gz	/workspace/fin/SHL/bacteria/bactopia/../basespace_reads/20240112_MN01513_RES45/23SC-140M0057_S6_L001_R2.fastq.gz	
23SG_074M0109_S16	paired-end	1850000	Streptococcus pyogenes	/workspace/fin/SHL/bacteria/bactopia/../basespace_reads/20240112_MN01513_RES45/23SG-074M0109_S16_L001_R1.fastq.gz	/workspace/fin/SHL/bacteria/bactopia/../basespace_reads/20240112_MN01513_RES45/23SG-074M0109_S16_L001_R2.fastq.gz	
23SG_130M0102_S10	paired-end	1850000	Streptococcus pyogenes	/workspace/fin/SHL/bacteria/bactopia/../basespace_reads/20240112_MN01513_RES45/23SG-130M0102_S10_L001_R1.fastq.gz	/workspace/fin/SHL/bacteria/bactopia/../basespace_reads/20240112_MN01513_RES45/23SG-130M0102_S10_L001_R2.fastq.gz	
23SG_145M0015_S3	paired-end	1850000	Streptococcus pyogenes	/workspace/fin/SHL/bacteria/bactopia/../basespace_reads/20240112_MN01513_RES45/23SG-145M0015_S3_L001_R1.fastq.gz	/workspace/fin/SHL/bacteria/bactopia/../basespace_reads/20240112_MN01513_RES45/23SG-145M0015_S3_L001_R2.fastq.gz	
23SH_077M0027_S17	paired-end	1850000	Streptococcus pyogenes	/workspace/fin/SHL/bacteria/bactopia/../basespace_reads/20240112_MN01513_RES45/23SH-077M0027_S17_L001_R1.fastq.gz	/workspace/fin/SHL/bacteria/bactopia/../basespace_reads/20240112_MN01513_RES45/23SH-077M0027_S17_L001_R2.fastq.gz	
23SH_084M0850_S19	paired-end	1850000	Streptococcus pyogenes	/workspace/fin/SHL/bacteria/bactopia/../basespace_reads/20240112_MN01513_RES45/23SH-084M0850_S19_L001_R1.fastq.gz	/workspace/fin/SHL/bacteria/bactopia/../basespace_reads/20240112_MN01513_RES45/23SH-084M0850_S19_L001_R2.fastq.gz	
23SH_089M0615_S20	paired-end	1850000	Streptococcus pyogenes	/workspace/fin/SHL/bacteria/bactopia/../basespace_reads/20240112_MN01513_RES45/23SH-089M0615_S20_L001_R1.fastq.gz	/workspace/fin/SHL/bacteria/bactopia/../basespace_reads/20240112_MN01513_RES45/23SH-089M0615_S20_L001_R2.fastq.gz	
23SH_090M0134_S22	paired-end	1850000	Streptococcus pyogenes	/workspace/fin/SHL/bacteria/bactopia/../basespace_reads/20240112_MN01513_RES45/23SH-090M0134_S22_L001_R1.fastq.gz	/workspace/fin/SHL/bacteria/bactopia/../basespace_reads/20240112_MN01513_RES45/23SH-090M0134_S22_L001_R2.fastq.gz	
23SH_108M0271_S14	paired-end	1850000	Streptococcus pyogenes	/workspace/fin/SHL/bacteria/bactopia/../basespace_reads/20240112_MN01513_RES45/23SH-108M0271_S14_L001_R1.fastq.gz	/workspace/fin/SHL/bacteria/bactopia/../basespace_reads/20240112_MN01513_RES45/23SH-108M0271_S14_L001_R2.fastq.gz	
23SH_113M0067_S13	paired-end	1850000	Streptococcus pyogenes	/workspace/fin/SHL/bacteria/bactopia/../basespace_reads/20240112_MN01513_RES45/23SH-113M0067_S13_L001_R1.fastq.gz	/workspace/fin/SHL/bacteria/bactopia/../basespace_reads/20240112_MN01513_RES45/23SH-113M0067_S13_L001_R2.fastq.gz	
23SH_126M0162_S11	paired-end	1850000	Streptococcus pyogenes	/workspace/fin/SHL/bacteria/bactopia/../basespace_reads/20240112_MN01513_RES45/23SH-126M0162_S11_L001_R1.fastq.gz	/workspace/fin/SHL/bacteria/bactopia/../basespace_reads/20240112_MN01513_RES45/23SH-126M0162_S11_L001_R2.fastq.gz	
23SH_134M0555_S9	paired-end	1850000	Streptococcus pyogenes	/workspace/fin/SHL/bacteria/bactopia/../basespace_reads/20240112_MN01513_RES45/23SH-134M0555_S9_L001_R1.fastq.gz	/workspace/fin/SHL/bacteria/bactopia/../basespace_reads/20240112_MN01513_RES45/23SH-134M0555_S9_L001_R2.fastq.gz	
23SH_139M0292_S8	paired-end	1850000	Streptococcus pyogenes	/workspace/fin/SHL/bacteria/bactopia/../basespace_reads/20240112_MN01513_RES45/23SH-139M0292_S8_L001_R1.fastq.gz	/workspace/fin/SHL/bacteria/bactopia/../basespace_reads/20240112_MN01513_RES45/23SH-139M0292_S8_L001_R2.fastq.gz	
23SH_141M0012_S7	paired-end	1850000	Streptococcus pyogenes	/workspace/fin/SHL/bacteria/bactopia/../basespace_reads/20240112_MN01513_RES45/23SH-141M0012_S7_L001_R1.fastq.gz	/workspace/fin/SHL/bacteria/bactopia/../basespace_reads/20240112_MN01513_RES45/23SH-141M0012_S7_L001_R2.fastq.gz	
23SH_149M0289_S4	paired-end	1850000	Streptococcus pyogenes	/workspace/fin/SHL/bacteria/bactopia/../basespace_reads/20240112_MN01513_RES45/23SH-149M0289_S4_L001_R1.fastq.gz	/workspace/fin/SHL/bacteria/bactopia/../basespace_reads/20240112_MN01513_RES45/23SH-149M0289_S4_L001_R2.fastq.gz	
23SC_014M0062_S3	paired-end	1850000	Streptococcus pyogenes	/workspace/fin/SHL/bacteria/bactopia/../basespace_reads/20240112_MN01288_RES46/23SC-014M0062_S3_L001_R1.fastq.gz	/workspace/fin/SHL/bacteria/bactopia/../basespace_reads/20240112_MN01288_RES46/23SC-014M0062_S3_L001_R2.fastq.gz	
23SC_035M0015_S9	paired-end	1850000	Streptococcus pyogenes	/workspace/fin/SHL/bacteria/bactopia/../basespace_reads/20240112_MN01288_RES46/23SC-035M0015_S9_L001_R1.fastq.gz	/workspace/fin/SHL/bacteria/bactopia/../basespace_reads/20240112_MN01288_RES46/23SC-035M0015_S9_L001_R2.fastq.gz	
23SG_024M0143_S4	paired-end	1850000	Streptococcus pyogenes	/workspace/fin/SHL/bacteria/bactopia/../basespace_reads/20240112_MN01288_RES46/23SG-024M0143_S4_L001_R1.fastq.gz	/workspace/fin/SHL/bacteria/bactopia/../basespace_reads/20240112_MN01288_RES46/23SG-024M0143_S4_L001_R2.fastq.gz	
23SG_034M0106_S8	paired-end	1850000	Streptococcus pyogenes	/workspace/fin/SHL/bacteria/bactopia/../basespace_reads/20240112_MN01288_RES46/23SG-034M0106_S8_L001_R1.fastq.gz	/workspace/fin/SHL/bacteria/bactopia/../basespace_reads/20240112_MN01288_RES46/23SG-034M0106_S8_L001_R2.fastq.gz	
23SH_005M1638_S1	paired-end	1850000	Streptococcus pyogenes	/workspace/fin/SHL/bacteria/bactopia/../basespace_reads/20240112_MN01288_RES46/23SH-005M1638_S1_L001_R1.fastq.gz	/workspace/fin/SHL/bacteria/bactopia/../basespace_reads/20240112_MN01288_RES46/23SH-005M1638_S1_L001_R2.fastq.gz	
23SH_009M1094_S2	paired-end	1850000	Streptococcus pyogenes	/workspace/fin/SHL/bacteria/bactopia/../basespace_reads/20240112_MN01288_RES46/23SH-009M1094_S2_L001_R1.fastq.gz	/workspace/fin/SHL/bacteria/bactopia/../basespace_reads/20240112_MN01288_RES46/23SH-009M1094_S2_L001_R2.fastq.gz	
23SH_029M0358_S5	paired-end	1850000	Streptococcus pyogenes	/workspace/fin/SHL/bacteria/bactopia/../basespace_reads/20240112_MN01288_RES46/23SH-029M0358_S5_L001_R1.fastq.gz	/workspace/fin/SHL/bacteria/bactopia/../basespace_reads/20240112_MN01288_RES46/23SH-029M0358_S5_L001_R2.fastq.gz	
23SH_030M2179_S6	paired-end	1850000	Streptococcus pyogenes	/workspace/fin/SHL/bacteria/bactopia/../basespace_reads/20240112_MN01288_RES46/23SH-030M2179_S6_L001_R1.fastq.gz	/workspace/fin/SHL/bacteria/bactopia/../basespace_reads/20240112_MN01288_RES46/23SH-030M2179_S6_L001_R2.fastq.gz	
23SH_033M1095_S7	paired-end	1850000	Streptococcus pyogenes	/workspace/fin/SHL/bacteria/bactopia/../basespace_reads/20240112_MN01288_RES46/23SH-033M1095_S7_L001_R1.fastq.gz	/workspace/fin/SHL/bacteria/bactopia/../basespace_reads/20240112_MN01288_RES46/23SH-033M1095_S7_L001_R2.fastq.gz	
23SH_038M1879_S10	paired-end	1850000	Streptococcus pyogenes	/workspace/fin/SHL/bacteria/bactopia/../basespace_reads/20240112_MN01288_RES46/23SH-038M1879_S10_L001_R1.fastq.gz	/workspace/fin/SHL/bacteria/bactopia/../basespace_reads/20240112_MN01288_RES46/23SH-038M1879_S10_L001_R2.fastq.gz	
23SH_049M0198_S11	paired-end	1850000	Streptococcus pyogenes	/workspace/fin/SHL/bacteria/bactopia/../basespace_reads/20240112_MN01288_RES46/23SH-049M0198_S11_L001_R1.fastq.gz	/workspace/fin/SHL/bacteria/bactopia/../basespace_reads/20240112_MN01288_RES46/23SH-049M0198_S11_L001_R2.fastq.gz	
23SH_050M1003_S12	paired-end	1850000	Streptococcus pyogenes	/workspace/fin/SHL/bacteria/bactopia/../basespace_reads/20240112_MN01288_RES46/23SH-050M1003_S12_L001_R1.fastq.gz	/workspace/fin/SHL/bacteria/bactopia/../basespace_reads/20240112_MN01288_RES46/23SH-050M1003_S12_L001_R2.fastq.gz	
23SH_053M1623_S13	paired-end	1850000	Streptococcus pyogenes	/workspace/fin/SHL/bacteria/bactopia/../basespace_reads/20240112_MN01288_RES46/23SH-053M1623_S13_L001_R1.fastq.gz	/workspace/fin/SHL/bacteria/bactopia/../basespace_reads/20240112_MN01288_RES46/23SH-053M1623_S13_L001_R2.fastq.gz	
23SH_063M0013_S15	paired-end	1850000	Streptococcus pyogenes	/workspace/fin/SHL/bacteria/bactopia/../basespace_reads/20240112_MN01288_RES46/23SH-063M0013_S15_L001_R1.fastq.gz	/workspace/fin/SHL/bacteria/bactopia/../basespace_reads/20240112_MN01288_RES46/23SH-063M0013_S15_L001_R2.fastq.gz	
23SH_065M0295_S16	paired-end	1850000	Streptococcus pyogenes	/workspace/fin/SHL/bacteria/bactopia/../basespace_reads/20240112_MN01288_RES46/23SH-065M0295_S16_L001_R1.fastq.gz	/workspace/fin/SHL/bacteria/bactopia/../basespace_reads/20240112_MN01288_RES46/23SH-065M0295_S16_L001_R2.fastq.gz	
23SH_066M0152_S17	paired-end	1850000	Streptococcus pyogenes	/workspace/fin/SHL/bacteria/bactopia/../basespace_reads/20240112_MN01288_RES46/23SH-066M0152_S17_L001_R1.fastq.gz	/workspace/fin/SHL/bacteria/bactopia/../basespace_reads/20240112_MN01288_RES46/23SH-066M0152_S17_L001_R2.fastq.gz	
23SH_071M0020_S18	paired-end	1850000	Streptococcus pyogenes	/workspace/fin/SHL/bacteria/bactopia/../basespace_reads/20240112_MN01288_RES46/23SH-071M0020_S18_L001_R1.fastq.gz	/workspace/fin/SHL/bacteria/bactopia/../basespace_reads/20240112_MN01288_RES46/23SH-071M0020_S18_L001_R2.fastq.gz	
23SH_103M0533_S19	paired-end	1850000	Streptococcus pyogenes	/workspace/fin/SHL/bacteria/bactopia/../basespace_reads/20240112_MN01288_RES46/23SH-103M0533_S19_L001_R1.fastq.gz	/workspace/fin/SHL/bacteria/bactopia/../basespace_reads/20240112_MN01288_RES46/23SH-103M0533_S19_L001_R2.fastq.gz	
